New South Wales,Albury
New South Wales,Anna Bay
New South Wales,Armidale
New South Wales,Ballina
New South Wales,Balmain
New South Wales,Bellingen
New South Wales,Bells Line of Road
New South Wales,Blue Mountains
New South Wales,Bondi Beach
New South Wales,Bourke
New South Wales,Broken Hill
New South Wales,Byron Bay
New South Wales,Central Coast
New South Wales,Central West
New South Wales,Circular Quay
New South Wales,Coffs Harbour
New South Wales,Coogee
New South Wales,Cooma
New South Wales,Cowra
New South Wales,Darlinghurst
New South Wales,Darling Harbour
New South Wales,Dorrigo
New South Wales,Dubbo
New South Wales,Far North Coast
New South Wales,Fitzroy Falls
New South Wales,Glebe
New South Wales,Goulburn
New South Wales,Grafton
New South Wales,Griffith
New South Wales,Hunter Valley
New South Wales,Islands
New South Wales,Katoomba
New South Wales,Kiama
New South Wales,Kings Cross
New South Wales,Kosciuszko National Park
New South Wales,Leichhardt
New South Wales,Lennox Head
New South Wales,Lismore
New South Wales,Lithgow
New South Wales,Lower North Coast
New South Wales,Manly
New South Wales,Mid North Coast
New South Wales,Mittagong
New South Wales,Mt Warning
New South Wales,Mudgee
New South Wales,Nambucca Heads
New South Wales,Narooma
New South Wales,Nelson Bay
New South Wales,New England
New South Wales,Newcastle
New South Wales,Newtown
New South Wales,Nimbin
New South Wales,Norfolk Island
New South Wales,North Sydney 
New South Wales,North West
New South Wales,Outback
New South Wales,Paddington
New South Wales,Perisher Blue
New South Wales,Petersham
New South Wales,Port Macquarie
New South Wales,Port Stephens
New South Wales,Port Stephens National Parks
New South Wales,Shoalhaven
New South Wales,Smiggin Holes
New South Wales,Snowy Mountains
New South Wales,Soldiers Point
New South Wales,South Coast
New South Wales,South West
New South Wales,Sydney
New South Wales,The Rocks
New South Wales,Thredbo
New South Wales,Tibooburra
New South Wales,Tweed Heads
New South Wales,Wagga Wagga
New South Wales,Wollongong
New South Wales,Yamba
Northern Territory,Adelaide River
Northern Territory,Aileron
Northern Territory,Alice Springs
Northern Territory,Arnhem Land
Northern Territory,Barkly Tablelands
Northern Territory,Barrow Creek
Northern Territory,Barunga
Northern Territory,Batchelor
Northern Territory,Bathurst Island
Northern Territory,Berry Springs
Northern Territory,Borroloola
Northern Territory,Cape Crawford
Northern Territory,Cobourg Peninsula
Northern Territory,Cooinda
Northern Territory,Croker Island
Northern Territory,Daly River
Northern Territory,Daly Waters
Northern Territory,Darwin
Northern Territory,Dundee Beach
Northern Territory,Dunmarra
Northern Territory,Eastern MacDonnell Ranges
Northern Territory,Elliot
Northern Territory,Goulburn Islands
Northern Territory,Groote Eylandt
Northern Territory,Gulf
Northern Territory,Hermannsburg
Northern Territory,Howard Springs
Northern Territory,Humpty Doo
Northern Territory,Jabiru
Northern Territory,Kakadu
Northern Territory,Kata Tjuta
Northern Territory,Katherine
Northern Territory,King Ash Bay
Northern Territory,Kings Canyon
Northern Territory,Larrimah
Northern Territory,Litchfield
Northern Territory,Mandorah
Northern Territory,Maningrida
Northern Territory,Mary River
Northern Territory,Mataranka
Northern Territory,Melville Island
Northern Territory,Middle
Northern Territory,Newcastle Waters
Northern Territory,Nhulunbuy Gove
Northern Territory,Noonamah
Northern Territory,Oenpelli
Northern Territory,Palmerston
Northern Territory,Pine Creek
Northern Territory,Renner Springs
Northern Territory,Seven Spirit Bay
Northern Territory,Simpson Desert
Northern Territory,Tanami Desert
Northern Territory,Red Centre
Northern Territory,Tennant Creek
Northern Territory,Three Ways
Northern Territory,Ti Tree
Northern Territory,Timber Creek
Northern Territory,Tiwi Islands
Northern Territory,Top End
Northern Territory,Uluru
Northern Territory,Victoria River
Northern Territory,Wauchope
Northern Territory,Western MacDonnell Ranges
Northern Territory,Wycliffe Well
Northern Territory,Yulara
Queensland,Airlie Beach
Queensland,Alexandra Headland
Queensland,Atherton Tableland
Queensland,Biggera Waters
Queensland,Birdsville
Queensland,Blackall Ranges
Queensland,Bowen
Queensland,Brisbane
Queensland,Broadbeach
Queensland,Broadwater
Queensland,Bundaberg
Queensland,Bunya Mountains
Queensland,Burleigh Heads
Queensland,Caboolture
Queensland,Cairns
Queensland,Caloundra
Queensland,Cape Hillsborough NP
Queensland,Cape Tribulation
Queensland,Cape York Peninsula
Queensland,Capricorn Coast
Queensland,Capricorn Coast Hinterland
Queensland,Conway NP
Queensland,Cooktown
Queensland,Coolangatta
Queensland,Cooloola National Park
Queensland,Daintree
Queensland,Darling Downs
Queensland,Eumundi
Queensland,Eungella National Park
Queensland,Far North Queensland
Queensland,Finch Hatton Gorge
Queensland,Fitzroy Island
Queensland,Forest Park
Queensland,Fraser Coast
Queensland,Fraser Island
Queensland,Glass House Mountains
Queensland,Gold Coast
Queensland,Gold Coast Hinterland
Queensland,Great Barrier Reef
Queensland,Great Keppel Island
Queensland,Green Island
Queensland,Gulf Savannah
Queensland,Gympie
Queensland,Hamilton Island
Queensland,Hervey Bay
Queensland,Islands
Queensland,Kenilworth
Queensland,Kuranda
Queensland,Lamington National Park
Queensland,Lizard Island
Queensland,Longreach
Queensland,Mackay
Queensland,Magnetic Island
Queensland,Main Beach
Queensland,Maleny
Queensland,Maroochy
Queensland,Maroochydore
Queensland,Maryborough
Queensland,Mission Beach
Queensland,Montville
Queensland,Mooloolaba
Queensland,Moreton Island
Queensland,Mount Coot tha
Queensland,Mount Isa
Queensland,Noosa
Queensland,North Coast
Queensland,North Coast Hinterland
Queensland,North Stradbroke Island
Queensland,Outback
Queensland,Paluma Range National Park
Queensland,Port Douglas
Queensland,Proserpine
Queensland,Rainbow Beach
Queensland,Rockhampton
Queensland,South Bank
Queensland,Southern Reef Islands
Queensland,Southport
Queensland,Springbrook National Park
Queensland,Sunshine Coast
Queensland,Sunshine Coast Hinterland
Queensland,Surfers Paradise
Queensland,Tamborine Mountain
Queensland,Tin Can Bay
Queensland,Torres Strait Islands
Queensland,Townsville
Queensland,Whitsunday Coast
Queensland,Whitsundays
South Australia,Adelaide
South Australia,Adelaide Hills
South Australia,Barossa Valley
South Australia,Brighton
South Australia,Burra
South Australia,Ceduna
South Australia,Clare Valley
South Australia,Coober Pedy
South Australia,Coonawarra
South Australia,Coorong National Park
South Australia,Eyre Peninsula
South Australia,Far South East
South Australia,Fleurieu Peninsula
South Australia,Flinders Ranges
South Australia,Glenelg
South Australia,Goolwa
South Australia,Innes National Park
South Australia,Kadina
South Australia,Kangaroo Island
South Australia,Kangaroo Island National Park
South Australia,Kapunda
South Australia,Kingscote
South Australia,Mclaren Vale
South Australia,Mid North
South Australia,Moonta
South Australia,Mt Gambier
South Australia,Murray River
South Australia,Naracoorte
South Australia,Onkaparinga
South Australia,Outback
South Australia,Penneshaw
South Australia,Peterborough
South Australia,Port Adelaide
South Australia,Port Augusta
South Australia,Port Lincoln
South Australia,Quorn
South Australia,Semaphore
South Australia,Tanunda
South Australia,Victor Harbor
South Australia,Wallaroo
South Australia,West Beach
South Australia,Wilpena Pound
South Australia,Yorke Peninsula
Tasmania,Battery Point
Tasmania,Bicheno
Tasmania,Bruny Island
Tasmania,Burnie
Tasmania,Central Tasmania
Tasmania,Cradle Mountain National Park
Tasmania,Devonport
Tasmania,East Coast
Tasmania,Flinders Island
Tasmania,Franklin Gordon National Park
Tasmania,Freycinet Peninsula
Tasmania,Hobart
Tasmania,Islands
Tasmania,Kingston
Tasmania,King Island
Tasmania,Lake Country
Tasmania,Launceston
Tasmania,Mole Creek Karst National Park
Tasmania,Mt William National Park
Tasmania,New Norfolk
Tasmania,North Coast
Tasmania,Port Arthur
Tasmania,Queenstown
Tasmania,Richmond
Tasmania,Salamanca Place
Tasmania,South
Tasmania,Southwest National Park
Tasmania,Stanley
Tasmania,Strahan
Tasmania,Swansea
Tasmania,Tamar Valley
Tasmania,Taroona
Tasmania,Tasman Peninsula
Tasmania,Ulverstone
Tasmania,West Coast
Victoria,Alpine National Park
Victoria,Apollo Bay
Victoria,Ballarat
Victoria,Baw Baw National Park
Victoria,Beechworth
Victoria,Bellarine Peninsula
Victoria,Bendigo
Victoria,Big Desert Wilderness Park
Victoria,Bright
Victoria,Buchan
Victoria,Castlemaine
Victoria,Croajingolong National Park
Victoria,Dandenongs
Victoria,Daylesford
Victoria,Echuca
Victoria,Falls Creek
Victoria,Far South East
Victoria,Fitzroy
Victoria,Geelong
Victoria,Grampians National Park
Victoria,Great Dividing Range
Victoria,Great Ocean Road
Victoria,Lakes Entrance
Victoria,Little Desert National Park
Victoria,Lorne
Victoria,Melbourne
Victoria,Mid West
Victoria,Mildura
Victoria,Mornington Peninsula
Victoria,Mt Arapiles State Park
Victoria,Mt Buffalo National Park
Victoria,Mt Buller
Victoria,Mt Hotham
Victoria,Ninety Mile Beach
Victoria,North
Victoria,Phillip Island
Victoria,North West
Victoria,Port Fairy
Victoria,Portland
Victoria,Prahran
Victoria,Richmond
Victoria,Rutherglen
Victoria,South East
Victoria,South West
Victoria,St Kilda
Victoria,Torquay
Victoria,Twelve Apostles
Victoria,Walhalla
Victoria,Wangaratta
Victoria,Warnambool
Victoria,West
Victoria,Williamstown
Victoria,Wilsons Promontory National Park
Victoria,Yarra Valley
Western Australia,Albany
Western Australia,Augusta
Western Australia,Avon Valley
Western Australia,Broome
Western Australia,Bunbury
Western Australia,Bungle Bungle National Park
Western Australia,Carnarvon
Western Australia,Central West
Western Australia,Christmas Island
Western Australia,Cocos Islands
Western Australia,Coolgardie
Western Australia,Coral Bay
Western Australia,Coral Coast
Western Australia,Dampier Peninsula
Western Australia,Denham
Western Australia,Derby
Western Australia,Devonian Reef National Parks
Western Australia,Esperance
Western Australia,Esperance
Western Australia,Exmouth
Western Australia,Fitzroy Crossing
Western Australia,Fraser Range
Western Australia,Fremantle
Western Australia,Geraldton
Western Australia,Halls Creek
Western Australia,Islands
Western Australia,Kalbarri
Western Australia,Kalgoorlie Boulder
Western Australia,Karijini National Park
Western Australia,Kimberley
Western Australia,Kununurra
Western Australia,Margaret River
Western Australia,Millstream National Park
Western Australia,Monkey Mia
Western Australia,Mt Barker
Western Australia,Mundaring Weir
Western Australia,Nambung National Park
Western Australia,North Dandalup
Western Australia,Nullarbor Plain
Western Australia,Outback
Western Australia,Perth
Western Australia,Pilbara
Western Australia,Pinnacles Desert
Western Australia,Port Hedland
Western Australia,Rottnest Island
Western Australia,South West
Western Australia,South West Forests
Western Australia,Torndirrup National Park
Western Australia,Walpole Nornalup National Park
Western Australia,Wave Rock
Western Australia,William Bay
Western Australia,Wyndham