Your Health,Fitness
Your Health,Nutrition
Your Health,Healthy Mind
Your Health,Healthy Body
Your Health,Healing
Your Self,Attitude
Your Self,Confidence & Esteem
Your Self,Values & Beliefs
Your Self,Spirituality
Your Self,Personal Growth
Your People,Partner / Spouse
Your People,Intimacy
Your People,Friendships
Your People,Family
Your People,Parenting
Your Work,Retirement
Your Work,CV's & Interviews
Your Work,Job Satisfaction
Your Work,Professional Development
Your Work,Business
Your Work,Team & Leadership
Your Balance,Sport
Your Balance,Creativity
Your Balance,Hobbies
Your Balance,Travel & Adventure
Your Balance,Relaxation