Northland,Dargaville
Northland,Kaikohe
Northland,Kaitaia
Northland,Kawakawa
Northland,Kerikeri
Northland,Maungaturoto
Northland,Paihia
Northland,Whangarei
Auckland,Auckland City
Auckland,Franklin
Auckland,Great Barrier Island
Auckland,Helensville
Auckland,Hibiscus Coast
Auckland,Manukau City
Auckland,North Shore
Auckland,Papakura City
Auckland,Waiheke Island
Auckland,Waitakere City
Auckland,Warkworth
Auckland,Wellsford
Waikato,Cambridge
Waikato,Coromandel
Waikato,Hamilton
Waikato,Huntly
Waikato,Matamata
Waikato,Morrinsville
Waikato,Otorohanga
Waikato,Paeroa
Waikato,Raglan
Waikato,Taumarunui
Waikato,Te Awamutu
Waikato,Te Kuiti
Waikato,Thames
Waikato,Tokoroa/Putaruru
Waikato,Waihi
Waikato,Waihi Beach
Waikato,Whangamata
Bay of Plenty,Katikati
Bay of Plenty,Mt. Maunganui
Bay of Plenty,Opotiki
Bay of Plenty,Rotorua
Bay of Plenty,Taupo
Bay of Plenty,Tauranga
Bay of Plenty,Te Puke
Bay of Plenty,Turangi
Bay of Plenty,Whakatane
Gisborne,Gisborne
Gisborne,Ruatoria
Hawkes Bay,Dannevirke
Hawkes Bay,Hastings
Hawkes Bay,Napier
Hawkes Bay,Waipukurau
Hawkes Bay,Wairoa
Taranaki,Hawera
Taranaki,Mokau
Taranaki,New Plymouth
Taranaki,Opunake
Taranaki,Stratford
Wanganui,Ohakune
Wanganui,Taihape
Wanganui,Waiouru
Wanganui,Wanganui
Manawatu,Bulls
Manawatu,Feilding
Manawatu,Levin
Manawatu,Manawatu
Manawatu,Marton
Manawatu,Palmerston North
Wairarapa,Carterton
Wairarapa,Featherston
Wairarapa,Greytown
Wairarapa,Martinborough
Wairarapa,Masterton
Wairarapa,Pahiatua
Wairarapa,Woodville
Wellington,Kapiti
Wellington,Lower Hutt City
Wellington,Porirua
Wellington,Upper Hutt City
Wellington,Wellington City
Nelson Bays,Golden Bay
Nelson Bays,Motueka
Nelson Bays,Murchison
Nelson Bays,Nelson
Nelson Bays,Picton
Marlborough,Blenheim
Marlborough,Marlborough Sounds
West Coast,Greymouth
West Coast,Hokitika
West Coast,Westport
Canterbury,Akaroa
Canterbury,Amberley
Canterbury,Ashburton
Canterbury,Cheviot
Canterbury,Christchurch City
Canterbury,Darfield
Canterbury,Fairlie
Canterbury,Geraldine
Canterbury,Hanmer Springs
Canterbury,Kaiapoi
Canterbury,Kaikoura
Canterbury,Mt Cook
Canterbury,Rangiora
Timaru,Oamaru,Kurow
Timaru,Oamaru,Oamaru
Timaru,Oamaru,Timaru
Timaru,Oamaru,Twizel
Timaru,Oamaru,Waimate
Otago,Alexandra
Otago,Balclutha
Otago,Cromwell
Otago,Dunedin
Otago,Lawrence
Otago,Milton
Otago,Palmerston
Otago,Queenstown
Otago,Ranfurly
Otago,Roxburgh
Otago,Wanaka
Southland,Bluff
Southland,Edendale
Southland,Gore
Southland,Invercargill
Southland,Lumsden
Southland,Otautau
Southland,Riverton
Southland,Stewart Island
Southland,Stewart Island
Southland,Te Anau
Southland,Tokanui
Southland,Winton