Aberdeenshire,Aberdeen
Aberdeenshire,Fraserburgh
Aberdeenshire,Inverurie
Aberdeenshire,Peterhead
Aberdeenshire,Turriff
Angus,Arbroath
Angus,Dundee
Angus,Forfar
Angus,Kirriemuir
Angus,Montrose
Argyll,Ballachulish
Argyll,Campbeltown
Argyll,Dalmally
Argyll,Dunoon
Argyll,Inveraray
Argyll,Lochgilphead
Argyll,Oban
Argyll,Tarbert
Avon,Bath
Avon,Bristol
Avon,Clevedon
Avon,Nailsea
Avon,Weston-super-Mare
Ayrshire,Ardrossan
Ayrshire,Ayr
Ayrshire,Dalry
Ayrshire,Darvel
Ayrshire,Kilbirnie
Ayrshire,Kilmarnock
Ayrshire,Prestwick
Ayrshire,Saltcoats
Ayrshire,West Kilbride
Banffshire,Buckie
Bedfordshire,Bedford
Bedfordshire,Biggleswade
Bedfordshire,Dunstable
Bedfordshire,Leighton Buzzar
Bedfordshire,Luton
Bedfordshire,Sandy
Belfast,Belfast
Belfast,Dunmurry
Berkshire,Ascot
Berkshire,Bracknell
Berkshire,Hungerford
Berkshire,Maidenhead
Berkshire,Newbury
Berkshire,Reading
Berkshire,Sandhurst
Berkshire,Slough
Berkshire,Thatcham
Berkshire,Windsor
Berkshire,Wokingham
Berwickshire,Duns
Buckinghamshire,Amersham
Buckinghamshire,Aylesbury
Buckinghamshire,Buckingham
Buckinghamshire,Chesham
Buckinghamshire,Gerrards Cross
Buckinghamshire,Great Missenden
Buckinghamshire,High Wycombe
Buckinghamshire,Marlow
Buckinghamshire,Milton Keynes
Buckinghamshire,Newport Pagnell
Buckinghamshire,Princes Risborough
Buckinghamshire,Witham
Caithness,Latheron
Caithness,Thurso
Caithness,Wick
Cambridgeshire,Cambridge
Cambridgeshire,Chatteris
Cambridgeshire,Ely
Cambridgeshire,Huntingdon
Cambridgeshire,March
Cambridgeshire,Peterborough
Cambridgeshire,Wisbech
Channel Islands,Guernsey
Channel Islands,Jersey
Cheshire,Alderley Edge
Cheshire,Altrincham
Cheshire,Cheadle
Cheshire,Chester
Cheshire,Crewe
Cheshire,Ellesmere Port
Cheshire,Hyde
Cheshire,Knutsford
Cheshire,Macclesfield
Cheshire,Malpas
Cheshire,Middlewich
Cheshire,Nantwich
Cheshire,Northwich
Cheshire,Sandbach
Cheshire,Stockport
Cheshire,Warrington
Cheshire,Wilmslow
Cleveland,Hartlepool
Cleveland,Middlesbrough
Cleveland,Redcar
Cleveland,Saltburn-by-the-Sea
Cleveland,Stockton-on-Tees
Clwyd,Abergele
Clwyd,Colwyn Bay
Clwyd,Corwen
Clwyd,Deeside
Clwyd,Flint
Clwyd,Llangollen
Clwyd,Mold
Clwyd,Prestatyn
Clwyd,Rhyl
Clwyd,Ruthin
Clwyd,St Asaph
Clwyd,Wrexham
Co Antrim,Antrim
Co Antrim,Ballycastle
Co Antrim,Ballyclare
Co Antrim,Ballymena
Co Antrim,Ballymoney
Co Antrim,Bushmills
Co Antrim,Carrickfergus
Co Antrim,Crumlin
Co Antrim,Lisburn
Co Antrim,Lurgan
Co Antrim,Newtownabbey
Co Antrim,Portrush
Co Armagh,Armagh
Co Armagh,Craigavon
Co Down,Banbridge
Co Down,Bangor
Co Down,Castlewellan
Co Down,Downpatrick
Co Down,Dromore
Co Down,Hillsborough
Co Down,Holywood
Co Down,Newcastle
Co Down,Newtownards
Co Durham,Barnard Castle
Co Durham,Bishop Auckland
Co Durham,Chester-le-Street
Co Durham,Consett
Co Durham,Darlington
Co Durham,Durham
Co Durham,Seaham
Co Fermanagh,Enniskillen
Co Londonderry,Coleraine
Co Londonderry,Limavady
Co Londonderry,Londonderry
Co Londonderry,Magharafelt
Co Tyrone,Castlederg
Co Tyrone,Clogher
Co Tyrone,Cookstown
Co Tyrone,Dungannon
Co Tyrone,Fivemiletown
Co Tyrone,Omagh
Cornwall,Bodmin
Cornwall,Bude
Cornwall,Camelford
Cornwall,Falmouth
Cornwall,Fowey
Cornwall,Helston
Cornwall,Launceston
Cornwall,Newquay
Cornwall,Par
Cornwall,Penryn
Cornwall,Penzance
Cornwall,Port Isaac
Cornwall,Redruth
Cornwall,Saltash
Cornwall,St Ives
Cornwall,StAustell
Cornwall,Truro
Cornwall,Wadebridge
Cumbria,Alston
Cumbria,Ambleside
Cumbria,Appleby-in-Westmorland
Cumbria,Carlisle
Cumbria,Cockermouth
Cumbria,Coniston
Cumbria,Grange-over-Sands
Cumbria,Kendal
Cumbria,Keswick
Cumbria,Kirkby Stephen
Cumbria,Maryport
Cumbria,Penrith
Cumbria,Ulverston
Cumbria,Whitehaven
Cumbria,Wigton
Cumbria,Windermere
Cumbria,Workington
Derbyshire,Alfreton
Derbyshire,Ashbourne
Derbyshire,Buxton
Derbyshire,Chesterfield
Derbyshire,Derby
Derbyshire,Glossop
Derbyshire,Heanor
Derbyshire,Ilkeston
Derbyshire,Matlock
Derbyshire,Ripley
Devon,Axminster
Devon,Bamstaple
Devon,Bideford
Devon,Braunton
Devon,Brixham
Devon,Buckfastleigh
Devon,Crediton
Devon,Cullompton
Devon,Exeter
Devon,Exmouth
Devon,Holsworthy
Devon,Honiton
Devon,Ilfracombe
Devon,Lynton
Devon,Newton Abbot
Devon,Okehampton
Devon,Paignton
Devon,Plymouth
Devon,Seaton
Devon,Sidmouth
Devon,Tavistock
Devon,Teignmouth
Devon,Tiverton
Devon,Torquay
Devon,Umberleigh
Devon,Yelverton
Dorset,Blandford Forum
Dorset,Bournemouth
Dorset,Bridport
Dorset,Christchurch
Dorset,Gillingham
Dorset,Poole
Dorset,Sherborne
Dorset,Swanage
Dorset,Wareham
Dorset,Weymouth
Dorset,Wimborne
Dumfriesshire,Dumfries
Dumfriesshire,Gretna
Dumfriesshire,Lockerbie
Dumfriesshire,Sanquhar
Dunbartonshire,Dumbarton
Dunbartonshire,Helensburgh
Dyfed,Aberystwyth
Dyfed,Cardigan
Dyfed,Carmarthen
Dyfed,Fishguard
Dyfed,Haverfordwest
Dyfed,Llandysul
Dyfed,Llanelli
Dyfed,Llanwrda
Dyfed,Newcastle Emlyn
Dyfed,Pembroke
Dyfed,Tenby
Dyfed,Whitland
East Lothian,Dunbar
East Lothian,Gullane
East Lothian,Haddington
East Lothian,North Berwick
East Lothian,Tranent
East Sussex,Battle
East Sussex,Bexhill-on-Sea
East Sussex,Brighton
East Sussex,Crowborough
East Sussex,Eastbourne
East Sussex,Hailsham
East Sussex,Hastings
East Sussex,Heathfield
East Sussex,Hove
East Sussex,Lewes
East Sussex,Newhaven
East Sussex,Pevensey
East Sussex,Robertsbridge
East Sussex,Seaford
East Sussex,St Leonards-on-Sea
East Sussex,Uckfield
Edinburgh,Edinburgh
Essex,Barking
Essex,Basildon
Essex,Benneet
Essex,Billericay
Essex,Braintree
Essex,Brentwood
Essex,Buckhurst Hill
Essex,Chelmsford
Essex,Clacton-on-Sea
Essex,Colchester
Essex,Dagenham
Essex,Dunmow
Essex,Epping
Essex,Frinton-on-Sea
Essex,Halstead
Essex,Harlow
Essex,Harwich
Essex,Hockley
Essex,Hornchurch
Essex,Ilford
Essex,Ingatestone
Essex,Laindon
Essex,Leigh-on-Sea
Essex,Loughton
Essex,Maldon
Essex,Ongar
Essex,Rayleigh
Essex,Rochford
Essex,Romford
Essex,Saffron Walden
Essex,Southend-on-Sea
Essex,Southminster
Essex,Stanford-le-Hope
Essex,Tilbury
Essex,Walton on the Naze
Essex,Westcliff-on-Sea
Essex,Wickford
Essex,Witham
Essex,Woodford Green
Fife,Anstruther
Fife,Cupar
Fife,Dunfermline
Fife,Glenrothes
Fife,Kirkcaldy
Fife,St Andrews
Glasgow,Glasgow
Gloucestershire,Cirencester
Gloucestershire,Gloucester
Gloucestershire,Lydney
Gloucestershire,Mitcheldean
Gloucestershire,Newent
Gloucestershire,Stroud
Gloucestershire,Tewkesbury
Gloucestershire,Wotton-under-Edge
Gloucestershne,Cinderford
Greater Manchester,Ashton-under-Lyne
Greater Manchester,Manchester
Gwent,Abergavenny
Gwent,Abertillery
Gwent,Chepstow
Gwent,Cwmbran
Gwent,Ebbw Vale
Gwent,Monmouth
Gwent,Newport
Gwent,Tredegar
Gwynedd,Aberdovey
Gwynedd,Arthog
Gwynedd,Bala
Gwynedd,Bangor
Gwynedd,Beaumaris
Gwynedd,Blaenau Ffestiniog
Gwynedd,Cemaes Bay
Gwynedd,Conwy
Gwynedd,Dolgellau
Gwynedd,Holyhead
Gwynedd,Llanbedr
Gwynedd,Llandudno
Gwynedd,Llanrwst
Gwynedd,Nefyn
Gwynedd,Penmaenmawr
Gwynedd,Penrhyndeudraeth
Gwynedd,Porthmadog
Gwynedd,Pwllheli
Gwynedd,Talybont
Gwynedd,Tywyn
Hampshire,Aldershot
Hampshire,Alresford
Hampshire,Alton
Hampshire,Andover
Hampshire,Basingstoke
Hampshire,Bordon
Hampshire,Brockenhurst
Hampshire,Eastleigh
Hampshire,Emsworth
Hampshire,Fareham
Hampshire,Farnborough
Hampshire,Fleet
Hampshire,Gosport
Hampshire,Havant
Hampshire,Hayling Island
Hampshire,Hook
Hampshire,Liphook
Hampshire,Liss
Hampshire,Lymington
Hampshire,Lyndhurst
Hampshire,Petersfeld
Hampshire,Portsmouth
Hampshire,Ringwood
Hampshire,Romsey
Hampshire,Southampton
Hampshire,Southsea
Hampshire,Whitchurch
Hampshire,Winchester
Hereford and,Redditch
Hereford and,Ross-on-Wye
Hereford and Worcester,Broadway
Hereford and Worcester,Bromsgrove
Hereford and Worcester,Droitwich
Hereford and Worcester,Hereford
Hereford and Worcester,Kidderminster
Hereford and Worcester,Ledbury
Hereford and Worcester,Leominster
Hereford and Worcester,Malvern
Hereford and Worcester,Pershore
Hereford and Worcester,Stourport-on-Severn
Hereford and Worcester,Worcester
Hertfordshire,Baldock
Hertfordshire,Barnet
Hertfordshire,Berkhamsted
Hertfordshire,Bishop's Stortford
Hertfordshire,Borehamwood
Hertfordshire,Harpenden
Hertfordshire,Hatfield
Hertfordshire,HemelHempstead
Hertfordshire,Hertford
Hertfordshire,Hitchin
Hertfordshire,Hoddesdon
Hertfordshire,Kings Langley
Hertfordshire,Letchworth
Hertfordshire,Potters Bar
Hertfordshire,Radlett
Hertfordshire,Rickmansworth
Hertfordshire,Royston
Hertfordshire,Sawbridgeworth
Hertfordshire,St Albans
Hertfordshire,Tring
Hertfordshire,Waltham Cross
Hertfordshire,Ware
Hertfordshire,Watford
Hertfordshire,Welwyn
Hertfordshire,Welwyn Garden City
Inverness-shire,Aviemore
Inverness-shire,Croy
Inverness-shire,Fort William
Inverness-shire,Inverness
Inverness-shire,Kingussie
Inverness-shire,Nairn
Inverness-shire,Nethy Bridge
Isle of Arran,Brodick
Isle of Iona,Iona
Isle of Lewis,Carloway
Isle of Lewis,Shawbost
Isle of Lewis,Stornoway
Isle of Man,Castletown
Isle of Man,Douglas
Isle of Man,Ramsey
Isle of Mull,Bunessan
Isle of Shetland,Lerwick
Isle of Shetland,Shetland
Isle of Skye,Broadford
Isle of Skye,Kyleakin
Isle of Skye,Portree
Isle of Tiree,Scarinish
Isle of Uist,Lochboisdale
Isle of Wight,Freshwater
Isle of Wight,Isle of Wight
Isle of Wight,Newport
Isle of Wight,Sandown
Isle of Wight,Totland Bay
Isle ofBute,Rothesay
Isle ofWight,Ventnor
Kent,Ashford
Kent,Beckenham
Kent,Belvedere
Kent,Broadstairs
Kent,Bromley
Kent,Canterbury
Kent,Chatham
Kent,Dartford
Kent,Deal
Kent,Dover
Kent,Edenbridge
Kent,Erith
Kent,Folkestone
Kent,Gillingham
Kent,Gravesend
Kent,Herne Bay
Kent,Hythe
Kent,Maidstone
Kent,Margate
Kent,Orpington
Kent,Ramsgate
Kent,Rochester
Kent,Sandwich
Kent,Sevenoaks
Kent,Sidcup
Kent,Sittingbourne
Kent,Swanley
Kent,Tonbridge
Kent,Tunbridge Wells
Kent,Welling
Kent,West Malling
Kent,West Wickham
Kent,Westerham
Kent,Whitstable
Kincardineshire,Banchory
Kincardineshire,Stonehaven
Kirkcudbrightshire,Castle Douglas
Kirkcudbrightshire,Dalbeattie
Lanark shire,Hamilton
Lanarkshire,Airdrie
Lanarkshire,Biggar
Lanarkshire,Carluke
Lanarkshire,Coatbridge
Lanarkshire,Lanark
Lanarkshire,Motherwell
Lanarkshire,Wishaw
Lancashire,Accrington
Lancashire,Blackburn
Lancashire,Blackpool
Lancashire,Bolton
Lancashire,Burnley
Lancashire,Bury
Lancashire,Carnforth
Lancashire,Chorley
Lancashire,Clitheroe
Lancashire,Fleetwood
Lancashire,Heywood
Lancashire,Lancaster
Lancashire,Leigh
Lancashire,Leyland
Lancashire,Littleborough
Lancashire,Lytham StAnnes
Lancashire,Morecambe
Lancashire,Nelson
Lancashire,Oldham
Lancashire,Ormskirk
Lancashire,Poulton-le-Fylde
Lancashire,Preston
Lancashire,Rochdale
Lancashire,Rossendale
Lancashire,Salford
Lancashire,Skelmersdale
Lancashire,Wigan
Leicestershire,Coalville
Leicestershire,Hinckley
Leicestershire,Leicester
Leicestershire,Loughborough
Leicestershire,Lutterworth
Leicestershire,Market Harborough
Leicestershire,Melton Mowbray
Leicestershire,Oakham
Lincolnshire,Boston
Lincolnshire,Bourne
Lincolnshire,Grantham
Lincolnshire,Lincoln
Lincolnshire,Louth
Lincolnshire,Sleaford
Lincolnshire,Spalding
Lincolnshire,Stamford
London,London
Merseyside,Birkenhead
Merseyside,Bootle
Merseyside,Liverpool
Merseyside,Newtown-le- Willows
Merseyside,Prescot
Merseyside,South Wirral
Merseyside,Southport
Merseyside,St Helens
Merseyside,Wallasey
Merseyside,Wirral
Mid Glamorgan,Aberdare
Mid Glamorgan,Bridgend
Mid Glamorgan,Caerphilly
Mid Glamorgan,Maesteg
Mid Glamorgan,Methyr Tydfil
Mid Glamorgan,Pontyclun
Mid Glamorgan,Pontypridd
Mid Glamorgan,Porthcawl
Middlesex,Ashford
Middlesex,Brentford
Middlesex,Edgware
Middlesex,Enfeld
Middlesex,Greenford
Middlesex,Hampton
Middlesex,Harrow
Middlesex,Hayes
Middlesex,Hounslow
Middlesex,Isleworth
Middlesex,Northwood
Middlesex,Pinner
Middlesex,Ruislip
Middlesex,Shepperton
Middlesex,Southall
Middlesex,Staines
Middlesex,Stanmore
Middlesex,Sunbury-on-Thames
Middlesex,Teddington
Middlesex,Twickenham
Middlesex,Uxbridge
Middlesex,Wembley
Middlesex,West Drayton
Midlothian,Bonnyrigg
Midlothian,Grangemouth
Midlothian,Loanhead
Midlothian,Musselburgh
Midlothian,Penicuik
Morayshire,Elgin
Norfolk,Attleborough
Norfolk,Cromer
Norfolk,Dereham
Norfolk,Diss
Norfolk,Holt
Norfolk,Hunstanton
Norfolk,King's Lynn
Norfolk,Norwich
Norfolk,Sheringham
Norfolk,Swaffham
Norfolk,Thetford
Norfolk,Walsingham
Norfolk,Wells-next-the-Sea
North Humberside,Beverley
North Humberside,Bridlington
North Humberside,Driffield
North Humberside,Hessle
North Humberside,Hull
North Yorkshire,Guisborough
North Yorkshire,Harrogate
North Yorkshire,Leyburn
North Yorkshire,Richmond
North Yorkshire,Ripon
North Yorkshire,Scarborough
North Yorkshire,Selby
North Yorkshire,Skipton
North Yorkshire,Sowerby
North Yorkshire,Thirsk
North Yorkshire,Whitby
North Yorkshire,York
Northamptonshire,Brackley
Northamptonshire,Corby
Northamptonshire,Kettering
Northamptonshire,Northampton
Northamptonshire,Rushden
Northamptonshire,Towcester
Northamptonshire,Wellingborough
Northumberiand,Morpeth
Northumberland,Alnwick
Northumberland,Ashington
Northumberland,Berwick-upon-Tweed
Northumberland,Corbridge
Northumberland,Cramlington
Northumberland,Haltwhistle
Northumberland,Hexham
Northumberland,Prudhoe
Northumberland,Riding Mill
Northumberland,Seahouses
Northumberland,Stocksfield
Nottinghamshire,Newark
Nottinghamshire,Nottingham
Nottinghamshire,Nottinghamshire
Nottinghamshire,Southwell
Nottinghamshire,Sutton-in-Ashfield
Nottmghamshire,Retford
Oxfordshire,Abingdon
Oxfordshire,Banbury
Oxfordshire,Bicester
Oxfordshire,Chipping Norton
Oxfordshire,Didcot
Oxfordshire,Henley-on-Thames
Oxfordshire,Oxford
Oxfordshire,Thame
Oxfordshire,Wallingford
Oxfordshire,Wantage
Oxfordshire,Witney
Peeblesshire,West Linton
Perthshire,Blairgowrie
Perthshire,Crieff
Perthshire,Dunblane
Perthshire,Dunkeld
Perthshire,Killin
Perthshire,Perth
Perthshire,Pitlochry
Powys,Brecon
Powys,Builth Wells
Powys,Llandrindod Wells
Powys,Llanidloes
Powys,Machynlleth
Powys,Meifod
Powys,Montgomery
Powys,Newtown
Powys,Welshpool
Renfrewshire,Greenock
Renfrewshire,Johnston
Renfrewshire,Kilmacolm
Renfrewshire,Lochwinnoch
Renfrewshire,Paisley
Ross-shire,Alness
Ross-shire,Dingwall
Ross-shire,Fortrose
Ross-shire,Gairloch
Ross-shire,Kyle
Ross-shire,Lochcarron
Ross-shire,Strathcarron
Ross-shire,Strathpeffer
Ross-shire,Tain
Rotherham,Glamorgan
Roxburghshire,Hawick
Roxburghshire,Kelso
Roxburghshire,Newcastleton
Selkirkshire,Galasheils
Selkirkshire,Selkirk
Shropshire,Bridgnorth
Shropshire,Craven Arms
Shropshire,Ironbridge
Shropshire,Ludlow
Shropshire,Newport
Shropshire,Oswestry
Shropshire,Shifnal
Shropshire,Shrewsbury
Shropshire,Telford
Shropshire,Whitchurch
Somerset,Bridgwater
Somerset,Burnham-on-Sea
Somerset,Chard
Somerset,Cheddar
Somerset,Frome
Somerset,Glastonbury
Somerset,Highbridge
Somerset,Minehead
Somerset,South Petherton
Somerset,Street
Somerset,Taunton
Somerset,Templecombe
Somerset,Wedmore
Somerset,Wells
Somerset,Winscombe
Somerset,Yeovil
South Glamorgan,Barry
South Glamorgan,Cardiff
South Glamorgan,Dinas Powis
South Glamorgan,Llantwit
South Glamorgan,Penarth
South Humberside,Barton-upon-Humber
South Humberside,Cleethorpes
South Humberside,Grimsby
South Humberside,Immingham
South Humberside,Scunthorpe
South Yorkshire,Barnsley
South Yorkshire,Doncaster
South Yorkshire,Mexborough
South Yorkshire,Rotherham
South Yorkshire,Sheffield
Staffordshire,Burton-on-Trent
Staffordshire,Lichfield
Staffordshire,Newcastle
Staffordshire,Rugeley
Staffordshire,Stafford
Staffordshire,Stoke-on-Trent
Staffordshire,Stone
Staffordshire,Uttoxeter
Stirlingshire,Falkirk
Stirlingshire,Larbert
Stirlingshire,Stirling
Suffolk,Aldeburgh
Suffolk,Beccles
Suffolk,Bungay
Suffolk,Bury St Edmunds
Suffolk,Felixstowe
Suffolk,Ipswich
Suffolk,Leiston
Suffolk,Lowestoft
Suffolk,Mildenhall
Suffolk,Newmarket
Suffolk,Stowmarket
Suffolk,Sudbury
Surrey,Ashtead
Surrey,Banstead
Surrey,Camberley
Surrey,Carshalton
Surrey,Caterham
Surrey,Cheam
Surrey,Chertsey
Surrey,Cobham
Surrey,Coulsdon
Surrey,Cranleigh
Surrey,Croydon
Surrey,Dorking
Surrey,East Molesey
Surrey,Egham
Surrey,Epsom
Surrey,Esher
Surrey,Farnham
Surrey,Godalming
Surrey,Godstone
Surrey,Guildford
Surrey,Haslemere
Surrey,Hindhead
Surrey,Horley
Surrey,Kingston upon Thames
Surrey,Leatherhead
Surrey,Lightwater
Surrey,Lingfield
Surrey,Mitcham
Surrey,Morden
Surrey,New Malden
Surrey,Oxted
Surrey,Purley
Surrey,Redhill
Surrey,Reigate
Surrey,Richmond
Surrey,South Croydon
Surrey,Surbiton
Surrey,Sutton
Surrey,Thornton Heath
Surrey,Wallington
Surrey,Walton-on-Thames
Surrey,West Byfleet
Surrey,Weybridge
Surrey,Woking
Surrey,Yateley
Sutherland,Dornoch
Sutherland,Lairg
Tyne and Wear,Blaydon-on-Tyne
Tyne and Wear,Boldon Colliery
Tyne and Wear,Gateshead
Tyne and Wear,Houghton le Spring
Tyne and Wear,Newcastle upon Tyne
Tyne and Wear,North Shields
Tyne and Wear,Ryton
Tyne and Wear,Sunderland
Tyne and Wear,Washington
Tyne and Wear,Whitley Bay
Warwickshire,Alcester
Warwickshire,Kenilworth
Warwickshire,Leamington Spa
Warwickshire,Nuneaton
Warwickshire,Southam
Warwickshire,Stratford-upon-Avon
Warwickshire,Warwick
Warwickshire,Warwickshire
West Glamorgan,Port Talbot
West Glamorgan,Swansea
West Lothian,Bathgate
West Lothian,Botness
West Lothian,Broxburn
West Lothian,Livingston
West Lothian,South Oueensferry
West Midlands,Birmingham
West Midlands,Coventry
West Midlands,Dudley
West Midlands,Halesowen
West Midlands,Kingswinford
West Midlands,Solihull
West Midlands,Stourbridge
West Midlands,Sutton Coldfield
West Midlands,Tipton
West Midlands,Walsall
West Midlands,Warley
West Midlands,West Bromwich
West Midlands,Wolverhampton
West Sussex,Arundel
West Sussex,Billingshurst
West Sussex,Bognor Regis
West Sussex,Burgess Hill
West Sussex,Chichester
West Sussex,Crawley
West Sussex,East Grinstead
West Sussex,Hassocks
West Sussex,Haywards Heath
West Sussex,Henfield
West Sussex,Horsham
West Sussex,Lancing
West Sussex,Littlehampton
West Sussex,Midhurst
West Sussex,Petworth
West Sussex,Pulborough
West Sussex,Worthing
West Yorkshire,Bingley
West Yorkshire,Bradford
West Yorkshire,Brighouse
West Yorkshire,Dewsbury
West Yorkshire,Halifax
West Yorkshire,Ilkley
West Yorkshire,Keighley
West Yorkshire,Leeds
West Yorkshire,Mirfield
West Yorkshire,Ossett
West Yorkshire,Otley
West Yorkshire,Pontefract
West Yorkshire,Shipley
West Yorkshire,Wakefield
West Yorkshire,Wetherby
Wigtownshire,Stranraer
Wiltshire,Calne
Wiltshire,Chippenham
Wiltshire,Devizes
Wiltshire,Malmesbury
Wiltshire,Melksham
Wiltshire,Mere
Wiltshire,Pewsey
Wiltshire,Salisbury
Wiltshire,Shaftesbury
Wiltshire,Swindon
Wiltshire,Trowbridge
Wiltshire,Warminster
Wiltshire,Westbury